problem_size,nprocs,mean_runtime,std_runtime,patch_size,c
1000,32,5.630404222989455,0.04918340290701741,1,cs
1000,32,0.5043812126580937,0.0027105316689607323,5,cs
1000,32,0.40033017467552173,0.0018166265294143925,10,cs
1000,32,0.465451793357109,0.006929540613881047,20,cs
1000,32,0.5696363936488827,0.001484418084734672,55,cs
1000,32,1.0857678373189021,0.005834151113759914,150,cs
1000,32,3.25195749567744,0.011720711422936927,400,cs
