problem_size,nprocs,mean_runtime,std_runtime,patch_size,c
1000,32,5.569253155340751,0.05498347453523191,1,cs
1000,32,0.5180952180138169,0.014760164182622375,5,cs
1000,32,0.4096377100213431,0.0052816413989940645,10,cs
1000,32,0.45937148865778,0.001040540900725414,20,cs
1000,32,0.5761139793127464,0.00335267730265465,55,cs
1000,32,1.0862891143381905,0.00206856000713825,150,cs
1000,32,3.2826921566738747,0.014249968195995624,400,cs
